,uf_co,uf_no,ano,sexo,racacor,Total,0 a 4 anos,100 anos ou mais,75 a 79 anos,80 a 84 anos,85 a 89 anos,90 a 94 anos,95 a 99 anos
0,11,Rondônia,2010,Homens,Branca,274670,24744,8,2808,1621,641,224,54
1,11,Rondônia,2010,Mulheres,Branca,277173,24895,15,2752,1510,730,221,57
2,11,Rondônia,2010,Homens,Preta,60563,2335,6,672,365,181,68,19
3,11,Rondônia,2010,Mulheres,Preta,46519,2094,5,487,263,108,60,23
4,11,Rondônia,2010,Homens,Amarela,10126,805,-,67,44,19,8,2
5,11,Rondônia,2010,Mulheres,Amarela,12083,777,-,65,36,23,7,-
6,11,Rondônia,2010,Homens,Parda,443524,36057,20,3184,1859,743,252,65
7,11,Rondônia,2010,Mulheres,Parda,425582,34397,28,2908,1535,688,264,102
8,11,Rondônia,2010,Homens,Indígena,6143,909,-,44,24,25,10,3
9,11,Rondônia,2010,Mulheres,Indígena,5872,910,-,28,34,12,12,5
10,11,Rondônia,2022,Homens,Branca,236680,20156,18,3931,2464,1070,456,101
11,11,Rondônia,2022,Mulheres,Branca,249443,19941,22,4253,2702,1428,543,120
12,11,Rondônia,2022,Homens,Preta,75620,2325,10,1251,775,350,146,35
13,11,Rondônia,2022,Mulheres,Preta,61173,2299,19,1040,613,321,127,39
14,11,Rondônia,2022,Homens,Amarela,1976,118,1,44,20,9,8,1
15,11,Rondônia,2022,Mulheres,Amarela,2281,84,-,36,27,14,9,4
16,11,Rondônia,2022,Homens,Parda,464905,34084,20,5259,3271,1551,570,140
17,11,Rondônia,2022,Mulheres,Parda,471803,32510,48,5266,3212,1559,570,166
18,11,Rondônia,2022,Homens,Indígena,8792,978,3,74,60,21,8,6
19,11,Rondônia,2022,Mulheres,Indígena,8486,954,6,89,50,30,14,8
20,12,Acre,2010,Homens,Branca,84678,11094,8,730,543,251,102,34
21,12,Acre,2010,Mulheres,Branca,90288,11355,15,771,547,245,110,49
22,12,Acre,2010,Homens,Preta,24251,1459,3,248,136,64,33,8
23,12,Acre,2010,Mulheres,Preta,18280,1245,6,186,115,59,28,14
24,12,Acre,2010,Homens,Amarela,6124,682,-,55,29,16,4,1
25,12,Acre,2010,Mulheres,Amarela,7751,626,1,52,27,9,5,1
26,12,Acre,2010,Homens,Parda,245173,24589,23,1730,1074,550,195,90
27,12,Acre,2010,Mulheres,Parda,241081,23082,32,1640,1021,548,238,95
28,12,Acre,2010,Homens,Indígena,8090,1651,2,53,46,30,10,3
29,12,Acre,2010,Mulheres,Indígena,7831,1582,1,43,36,17,12,5
30,12,Acre,2022,Homens,Branca,86119,9779,18,1009,645,318,154,57
31,12,Acre,2022,Mulheres,Branca,91873,9672,17,1170,856,425,225,75
32,12,Acre,2022,Homens,Preta,39430,1562,9,488,319,134,62,17
33,12,Acre,2022,Mulheres,Preta,31656,1481,5,485,264,140,62,23
34,12,Acre,2022,Homens,Amarela,820,48,-,12,1,2,3,-
35,12,Acre,2022,Mulheres,Amarela,1058,55,1,13,3,5,1,1
36,12,Acre,2022,Homens,Parda,274213,22169,35,2763,1617,756,296,98
37,12,Acre,2022,Mulheres,Parda,275676,21263,42,2839,1711,876,404,124
38,12,Acre,2022,Homens,Indígena,14745,2522,10,80,59,44,19,9
39,12,Acre,2022,Mulheres,Indígena,14418,2450,5,110,92,42,39,10
40,13,Amazonas,2010,Homens,Branca,354936,43398,37,2513,1652,787,264,97
41,13,Amazonas,2010,Mulheres,Branca,385129,43958,62,3469,2446,1283,557,181
42,13,Amazonas,2010,Homens,Preta,82906,4765,16,676,392,177,65,21
43,13,Amazonas,2010,Mulheres,Preta,60842,4008,20,582,317,184,86,46
44,13,Amazonas,2010,Homens,Amarela,14654,1290,2,113,53,27,15,3
45,13,Amazonas,2010,Mulheres,Amarela,17119,1151,1,110,55,40,13,4
46,13,Amazonas,2010,Homens,Parda,1213379,125407,88,7785,4321,2118,894,271
47,13,Amazonas,2010,Mulheres,Parda,1186334,120409,174,8308,4924,2764,1263,553
48,13,Amazonas,2010,Homens,Indígena,87299,13647,6,660,332,226,116,34
49,13,Amazonas,2010,Mulheres,Indígena,81381,13281,9,470,311,223,132,39
50,13,Amazonas,2022,Homens,Branca,345299,37420,38,3609,2095,979,407,104
51,13,Amazonas,2022,Mulheres,Branca,379708,37193,81,4910,3266,1987,906,287
52,13,Amazonas,2022,Homens,Preta,111822,4156,19,1308,746,341,124,49
53,13,Amazonas,2022,Mulheres,Preta,81845,3801,30,1187,738,379,164,67
54,13,Amazonas,2022,Homens,Amarela,2864,135,-,60,47,18,3,2
55,13,Amazonas,2022,Mulheres,Amarela,3099,137,3,59,37,22,7,2
56,13,Amazonas,2022,Homens,Parda,1350647,115554,130,11240,6397,3039,1228,373
57,13,Amazonas,2022,Mulheres,Parda,1360971,111087,308,13062,7893,4370,1879,695
58,13,Amazonas,2022,Homens,Indígena,155125,21410,55,1125,824,392,168,89
59,13,Amazonas,2022,Mulheres,Indígena,150118,20826,67,1309,881,392,200,107
60,14,Roraima,2010,Homens,Branca,46380,5096,2,300,189,92,48,12
61,14,Roraima,2010,Mulheres,Branca,47872,5019,3,340,248,123,50,12
62,14,Roraima,2010,Homens,Preta,15308,772,1,132,72,27,11,5
63,14,Roraima,2010,Mulheres,Preta,11056,646,-,80,42,31,10,-
64,14,Roraima,2010,Homens,Amarela,1954,172,-,14,6,3,1,1
65,14,Roraima,2010,Mulheres,Amarela,2364,173,-,15,5,4,2,-
66,14,Roraima,2010,Homens,Parda,139886,13802,9,742,414,215,68,20
67,14,Roraima,2010,Mulheres,Parda,136022,13107,8,668,440,226,88,35
68,14,Roraima,2010,Homens,Indígena,25331,4477,5,146,83,41,17,5
69,14,Roraima,2010,Mulheres,Indígena,24306,4339,7,138,87,47,29,10
70,14,Roraima,2022,Homens,Branca,63778,7434,6,575,359,164,65,10
71,14,Roraima,2022,Mulheres,Branca,67482,7133,11,665,405,215,79,32
72,14,Roraima,2022,Homens,Preta,27946,1389,3,346,173,88,37,7
73,14,Roraima,2022,Mulheres,Preta,21249,1233,2,230,131,51,23,11
74,14,Roraima,2022,Homens,Amarela,358,20,-,7,6,-,-,-
75,14,Roraima,2022,Mulheres,Amarela,426,18,-,7,2,1,1,-
76,14,Roraima,2022,Homens,Parda,182516,16762,14,1409,742,348,117,37
77,14,Roraima,2022,Mulheres,Parda,181978,16107,21,1309,744,402,183,56
78,14,Roraima,2022,Homens,Indígena,45207,7309,10,232,174,67,42,7
79,14,Roraima,2022,Mulheres,Indígena,44675,7194,6,266,210,88,48,15
80,15,Pará,2010,Homens,Branca,801518,89493,58,7334,4338,2100,828,288
81,15,Pará,2010,Mulheres,Branca,851789,90731,160,9525,6281,3187,1631,611
82,15,Pará,2010,Homens,Preta,308486,17053,29,2996,1607,764,314,111
83,15,Pará,2010,Mulheres,Preta,240339,14777,67,2533,1507,759,395,176
84,15,Pará,2010,Homens,Amarela,31629,2789,1,287,178,53,32,8
85,15,Pará,2010,Mulheres,Amarela,37569,2688,3,294,176,96,42,13
86,15,Pará,2010,Homens,Parda,2660125,263100,185,19285,10503,4810,2297,722
87,15,Pará,2010,Mulheres,Parda,2610182,250073,391,20194,12242,6219,3313,1398
88,15,Pará,2010,Homens,Indígena,19805,2981,1,148,84,39,32,8
89,15,Pará,2010,Mulheres,Indígena,19276,2967,4,126,92,48,28,14
90,15,Pará,2022,Homens,Branca,755977,73924,89,10320,6347,3105,1207,339
91,15,Pará,2022,Mulheres,Branca,814304,74535,256,13448,9291,5592,2517,767
92,15,Pará,2022,Homens,Preta,431946,17721,94,6222,3526,1671,676,208
93,15,Pará,2022,Mulheres,Preta,361675,16572,175,5708,3523,1976,800,290
94,15,Pará,2022,Homens,Amarela,5583,306,-,157,130,66,15,1
95,15,Pará,2022,Mulheres,Amarela,6849,260,3,184,128,50,30,6
96,15,Pará,2022,Homens,Parda,2822786,223994,289,30891,17838,8253,3198,894
97,15,Pará,2022,Mulheres,Parda,2850660,215292,746,33750,20999,11167,4843,1603
98,15,Pará,2022,Homens,Indígena,34750,4739,4,295,188,83,30,5
99,15,Pará,2022,Mulheres,Indígena,34430,4599,7,343,208,86,48,21
100,16,Amapá,2010,Homens,Branca,76381,10013,9,434,234,107,49,20
101,16,Amapá,2010,Mulheres,Branca,84106,10125,27,590,341,194,100,53
102,16,Amapá,2010,Homens,Preta,32406,2144,10,220,103,68,27,18
103,16,Amapá,2010,Mulheres,Preta,25880,1833,19,197,113,57,44,10
104,16,Amapá,2010,Homens,Amarela,3067,323,-,30,10,5,1,-
105,16,Amapá,2010,Mulheres,Amarela,3535,304,-,21,11,8,1,5
106,16,Amapá,2010,Homens,Parda,219511,22625,29,1157,654,254,127,64
107,16,Amapá,2010,Mulheres,Parda,217230,21522,84,1262,738,367,218,117
108,16,Amapá,2010,Homens,Indígena,3768,549,-,10,14,4,5,1
109,16,Amapá,2010,Mulheres,Indígena,3640,535,1,9,10,2,11,3
110,16,Amapá,2022,Homens,Branca,74464,9241,10,601,403,191,77,24
111,16,Amapá,2022,Mulheres,Branca,82558,9200,31,892,562,356,145,48
112,16,Amapá,2022,Homens,Preta,47030,2410,6,482,289,161,61,17
113,16,Amapá,2022,Mulheres,Preta,39632,2244,24,461,295,180,82,17
114,16,Amapá,2022,Homens,Amarela,350,18,-,6,3,2,-,-
115,16,Amapá,2022,Mulheres,Amarela,398,17,-,6,3,-,-,1
116,16,Amapá,2022,Homens,Parda,237340,21066,25,1967,1149,558,201,63
117,16,Amapá,2022,Mulheres,Parda,241635,20060,64,2199,1280,752,333,101
118,16,Amapá,2022,Homens,Indígena,5325,731,-,22,20,6,2,2
119,16,Amapá,2022,Mulheres,Indígena,5015,678,3,26,19,7,2,2
120,17,Tocantins,2010,Homens,Branca,172204,17226,25,2164,1330,605,245,67
121,17,Tocantins,2010,Mulheres,Branca,173044,17614,25,2108,1284,692,312,88
122,17,Tocantins,2010,Homens,Preta,69769,3479,14,991,586,295,117,42
123,17,Tocantins,2010,Mulheres,Preta,56448,2972,18,821,505,251,106,47
124,17,Tocantins,2010,Homens,Amarela,11579,960,-,133,76,34,13,7
125,17,Tocantins,2010,Mulheres,Amarela,13955,916,2,104,58,18,13,2
126,17,Tocantins,2010,Homens,Parda,442228,39377,43,4328,2563,1200,516,182
127,17,Tocantins,2010,Mulheres,Parda,431085,37987,58,3842,2323,1142,558,214
128,17,Tocantins,2010,Homens,Indígena,6643,1082,-,42,33,26,22,5
129,17,Tocantins,2010,Mulheres,Indígena,6488,1096,1,55,46,30,28,4
130,17,Tocantins,2022,Homens,Branca,173094,15903,27,3178,2112,1124,460,116
131,17,Tocantins,2022,Mulheres,Branca,177519,15587,45,3401,2294,1243,573,187
132,17,Tocantins,2022,Homens,Preta,107625,4546,32,2028,1304,661,254,79
133,17,Tocantins,2022,Mulheres,Preta,91769,4349,41,1664,1057,555,241,91
134,17,Tocantins,2022,Homens,Amarela,1504,84,-,38,16,10,2,-
135,17,Tocantins,2022,Mulheres,Amarela,1901,74,-,35,18,13,1,-
136,17,Tocantins,2022,Homens,Parda,465547,36805,68,6373,4050,2009,857,245
137,17,Tocantins,2022,Mulheres,Parda,473713,34531,90,6114,4055,2083,909,316
138,17,Tocantins,2022,Homens,Indígena,9469,1281,5,72,58,20,15,4
139,17,Tocantins,2022,Mulheres,Indígena,9266,1223,14,102,64,31,15,11
140,21,Maranhão,2010,Homens,Branca,697096,75431,70,8183,5023,2778,1263,337
141,21,Maranhão,2010,Mulheres,Branca,758023,77603,194,10118,6695,3895,1893,661
142,21,Maranhão,2010,Homens,Preta,334124,19696,56,4552,2554,1345,639,178
143,21,Maranhão,2010,Mulheres,Preta,302684,17538,119,4691,2626,1512,925,325
144,21,Maranhão,2010,Homens,Amarela,33334,2940,2,425,240,109,63,15
145,21,Maranhão,2010,Mulheres,Amarela,40885,2758,8,444,267,133,63,23
146,21,Maranhão,2010,Homens,Parda,2179328,221538,232,21116,11550,6165,2904,825
147,21,Maranhão,2010,Mulheres,Parda,2193993,212271,434,21355,12545,7204,3901,1334
148,21,Maranhão,2010,Homens,Indígena,17607,2884,3,189,96,69,42,17
149,21,Maranhão,2010,Mulheres,Indígena,17665,2736,7,143,107,111,74,17
150,21,Maranhão,2022,Homens,Branca,649808,59652,175,10572,7114,3745,1559,452
151,21,Maranhão,2022,Mulheres,Branca,712057,60038,367,13717,10115,6014,2695,924
152,21,Maranhão,2022,Homens,Preta,442567,18929,171,7850,5079,2567,1079,385
153,21,Maranhão,2022,Mulheres,Preta,411857,17666,310,8133,5837,2967,1323,506
154,21,Maranhão,2022,Homens,Amarela,2805,148,-,61,30,11,5,1
155,21,Maranhão,2022,Mulheres,Amarela,3736,163,1,54,23,18,6,3
156,21,Maranhão,2022,Homens,Parda,2206886,179523,511,28096,18054,8949,3492,1038
157,21,Maranhão,2022,Mulheres,Parda,2292132,172618,895,30452,20553,11147,4728,1703
158,21,Maranhão,2022,Homens,Indígena,27271,4222,8,198,197,151,46,32
159,21,Maranhão,2022,Mulheres,Indígena,27411,4127,33,368,288,109,61,52
160,22,Piauí,2010,Homens,Branca,362043,34684,41,5031,3535,1962,778,228
161,22,Piauí,2010,Mulheres,Branca,397318,34603,89,6590,4971,2827,1118,346
162,22,Piauí,2010,Homens,Preta,154308,7869,17,2149,1373,663,282,73
163,22,Piauí,2010,Mulheres,Preta,138643,6697,32,2487,1558,783,369,144
164,22,Piauí,2010,Homens,Amarela,30240,2327,4,401,295,124,46,11
165,22,Piauí,2010,Mulheres,Amarela,36491,2258,4,504,301,148,57,15
166,22,Piauí,2010,Homens,Parda,980464,81308,85,11345,7284,3728,1411,393
167,22,Piauí,2010,Mulheres,Parda,1015907,77674,162,13257,8868,4507,1958,624
168,22,Piauí,2010,Homens,Indígena,1366,51,-,14,8,5,3,-
169,22,Piauí,2010,Mulheres,Indígena,1578,60,2,18,18,8,6,3
170,22,Piauí,2022,Homens,Branca,354137,29726,68,7003,4759,2452,1179,338
171,22,Piauí,2022,Mulheres,Branca,386185,29293,141,9467,6847,4137,2034,706
172,22,Piauí,2022,Homens,Preta,209824,7750,43,4290,2674,1362,565,171
173,22,Piauí,2022,Mulheres,Preta,190838,7305,82,4727,3046,1736,809,247
174,22,Piauí,2022,Homens,Amarela,1334,59,-,40,26,10,5,-
175,22,Piauí,2022,Mulheres,Amarela,1744,59,-,53,22,15,3,1
176,22,Piauí,2022,Homens,Parda,1032237,72577,116,17172,10841,5367,2379,689
177,22,Piauí,2022,Mulheres,Parda,1088643,69406,260,20092,13115,7414,3499,1080
178,22,Piauí,2022,Homens,Indígena,3036,178,1,51,33,13,6,1
179,22,Piauí,2022,Mulheres,Indígena,3162,182,3,56,50,21,12,3
180,23,Ceará,2010,Homens,Branca,1276149,118381,169,17099,13260,7865,2936,868
181,23,Ceará,2010,Mulheres,Branca,1428583,117616,345,24874,20323,11589,4675,1623
182,23,Ceará,2010,Homens,Preta,213517,7929,19,3054,2021,1085,417,136
183,23,Ceará,2010,Mulheres,Preta,179216,6875,47,3417,2314,1301,479,181
184,23,Ceará,2010,Homens,Amarela,45035,3033,5,606,421,204,70,16
185,23,Ceará,2010,Mulheres,Amarela,60272,2809,9,856,544,266,94,32
186,23,Ceará,2010,Homens,Parda,2575798,198610,235,27766,19478,10416,3837,1136
187,23,Ceará,2010,Mulheres,Parda,2654416,188029,440,34140,24405,12984,5214,1864
188,23,Ceará,2010,Homens,Indígena,9561,741,1,102,62,27,18,4
189,23,Ceará,2010,Mulheres,Indígena,9775,674,1,107,65,41,20,9
190,23,Ceará,2022,Homens,Branca,1154348,94227,222,23234,16179,8429,3816,1209
191,23,Ceará,2022,Mulheres,Branca,1301866,91727,497,33181,25802,15320,7669,2803
192,23,Ceará,2022,Homens,Preta,319223,8872,64,6603,4306,2059,859,233
193,23,Ceará,2022,Mulheres,Preta,276471,8075,126,6826,4831,2584,1122,394
194,23,Ceará,2022,Homens,Amarela,4942,279,-,109,74,33,13,-
195,23,Ceará,2022,Mulheres,Amarela,6314,251,2,145,93,55,17,8
196,23,Ceará,2022,Homens,Parda,2759356,188617,344,40957,27370,13470,5679,1808
197,23,Ceará,2022,Mulheres,Parda,2931617,179309,736,50156,35462,19199,9145,3051
198,23,Ceará,2022,Homens,Indígena,19670,1535,1,256,136,87,39,13
199,23,Ceará,2022,Mulheres,Indígena,20312,1406,7,282,200,122,64,21
200,24,Rio Grande do Norte,2010,Homens,Branca,617865,57810,91,7354,5775,3665,1378,437
201,24,Rio Grande do Norte,2010,Mulheres,Branca,685727,57557,215,10961,9085,5409,2275,751
202,24,Rio Grande do Norte,2010,Homens,Preta,89318,3282,13,1214,922,522,224,59
203,24,Rio Grande do Norte,2010,Mulheres,Preta,76772,2861,37,1471,1032,565,260,98
204,24,Rio Grande do Norte,2010,Homens,Amarela,13620,937,-,167,135,65,30,8
205,24,Rio Grande do Norte,2010,Mulheres,Amarela,19176,846,3,250,186,69,35,9
206,24,Rio Grande do Norte,2010,Homens,Parda,826520,58469,96,8454,6353,3564,1460,477
207,24,Rio Grande do Norte,2010,Mulheres,Parda,836125,54449,243,10532,7749,4489,1910,707
208,24,Rio Grande do Norte,2010,Homens,Indígena,1272,54,1,7,9,4,5,-
209,24,Rio Grande do Norte,2010,Mulheres,Indígena,1325,52,1,15,12,12,7,-
210,24,Rio Grande do Norte,2022,Homens,Branca,614264,50167,110,10501,7481,3837,1670,549
211,24,Rio Grande do Norte,2022,Mulheres,Branca,690053,48644,317,15731,12319,7153,3587,1412
212,24,Rio Grande do Norte,2022,Homens,Preta,160179,4634,45,3249,2156,1007,417,156
213,24,Rio Grande do Norte,2022,Mulheres,Preta,142570,4203,64,3570,2421,1297,584,215
214,24,Rio Grande do Norte,2022,Homens,Amarela,2148,107,-,46,39,13,8,-
215,24,Rio Grande do Norte,2022,Mulheres,Amarela,3089,93,2,68,41,18,6,2
216,24,Rio Grande do Norte,2022,Homens,Parda,817548,49265,138,12565,8161,3860,1594,566
217,24,Rio Grande do Norte,2022,Mulheres,Parda,863412,46938,295,15503,10721,5807,2685,1060
218,24,Rio Grande do Norte,2022,Homens,Indígena,4587,356,4,70,40,22,7,2
219,24,Rio Grande do Norte,2022,Mulheres,Indígena,4798,295,1,84,54,33,15,9
220,25,Paraíba,2010,Homens,Branca,709015,69085,95,9798,7459,4613,1932,603
221,25,Paraíba,2010,Mulheres,Branca,790238,67503,252,14738,11746,6975,3220,1130
222,25,Paraíba,2010,Homens,Preta,111699,4649,18,1581,1114,607,286,86
223,25,Paraíba,2010,Mulheres,Preta,101269,4189,41,2057,1430,804,384,132
224,25,Paraíba,2010,Homens,Amarela,20493,1645,7,238,156,109,32,5
225,25,Paraíba,2010,Mulheres,Amarela,27994,1512,3,349,248,113,53,15
226,25,Paraíba,2010,Homens,Parda,973583,71401,114,11369,8098,4692,2024,607
227,25,Paraíba,2010,Mulheres,Parda,1013036,68260,222,14684,10483,5979,2795,982
228,25,Paraíba,2010,Homens,Indígena,9564,952,-,76,45,16,15,3
229,25,Paraíba,2010,Mulheres,Indígena,9585,900,5,115,70,27,8,4
230,25,Paraíba,2022,Homens,Branca,671532,56723,172,13097,9165,4711,2055,688
231,25,Paraíba,2022,Mulheres,Branca,748246,54744,422,19928,15306,8908,4469,1440
232,25,Paraíba,2022,Homens,Preta,165610,5326,49,3295,2174,1031,438,134
233,25,Paraíba,2022,Mulheres,Preta,150962,5020,82,3857,2753,1421,691,236
234,25,Paraíba,2022,Homens,Amarela,2140,121,-,40,23,9,9,1
235,25,Paraíba,2022,Mulheres,Amarela,2772,118,1,55,47,17,7,2
236,25,Paraíba,2022,Homens,Parda,1067051,71394,185,16781,11100,5286,2126,722
237,25,Paraíba,2022,Mulheres,Parda,1140829,69136,414,21496,15026,7962,3761,1233
238,25,Paraíba,2022,Homens,Indígena,12487,1185,1,136,74,48,14,6
239,25,Paraíba,2022,Mulheres,Indígena,12991,1113,4,182,117,75,34,8
240,26,Pernambuco,2010,Homens,Branca,1504423,142953,161,19067,13734,7305,2958,792
241,26,Pernambuco,2010,Mulheres,Branca,1720871,141368,506,30169,22521,12438,5496,1717
242,26,Pernambuco,2010,Homens,Preta,296388,12310,39,3521,2314,1176,475,148
243,26,Pernambuco,2010,Mulheres,Preta,274407,10939,124,4576,3022,1531,737,264
244,26,Pernambuco,2010,Homens,Amarela,34939,2711,3,316,178,98,31,10
245,26,Pernambuco,2010,Mulheres,Amarela,47213,2676,6,502,301,146,67,18
246,26,Pernambuco,2010,Homens,Parda,2368923,183734,183,22922,14868,7690,2954,908
247,26,Pernambuco,2010,Mulheres,Parda,2495942,175203,567,30829,20151,10313,4696,1502
248,26,Pernambuco,2010,Homens,Indígena,25977,2555,1,228,138,79,42,12
249,26,Pernambuco,2010,Mulheres,Indígena,27307,2453,9,350,245,146,64,33
250,26,Pernambuco,2022,Homens,Branca,1410840,117592,240,25923,16835,8440,3548,1003
251,26,Pernambuco,2022,Mulheres,Branca,1633076,115396,683,40938,29830,17042,8311,2605
252,26,Pernambuco,2022,Homens,Preta,461835,16086,62,7748,4770,2151,829,283
253,26,Pernambuco,2022,Mulheres,Preta,447722,15281,151,9798,6352,3159,1407,496
254,26,Pernambuco,2022,Homens,Amarela,5455,328,1,110,65,36,14,7
255,26,Pernambuco,2022,Mulheres,Amarela,7770,295,1,150,81,45,24,8
256,26,Pernambuco,2022,Homens,Parda,2400804,163444,279,33517,20169,9370,3695,1142
257,26,Pernambuco,2022,Mulheres,Parda,2605998,158092,696,44845,29238,15223,6439,2093
258,26,Pernambuco,2022,Homens,Indígena,40987,3452,7,544,331,169,72,23
259,26,Pernambuco,2022,Mulheres,Indígena,42680,3239,21,718,480,258,123,43
260,27,Alagoas,2010,Homens,Branca,464599,52094,47,4768,3142,1597,729,271
261,27,Alagoas,2010,Mulheres,Branca,521727,52146,110,7122,4927,2557,1342,500
262,27,Alagoas,2010,Homens,Preta,109166,5192,22,1186,658,315,191,76
263,27,Alagoas,2010,Mulheres,Preta,95988,4706,39,1371,793,391,218,101
264,27,Alagoas,2010,Homens,Amarela,15697,1632,1,99,61,26,13,4
265,27,Alagoas,2010,Mulheres,Amarela,20987,1491,3,158,103,25,22,7
266,27,Alagoas,2010,Homens,Parda,915100,78323,91,7766,4545,2293,1123,421
267,27,Alagoas,2010,Mulheres,Parda,962718,75090,175,9949,6056,2885,1603,610
268,27,Alagoas,2010,Homens,Indígena,7204,711,2,53,36,20,10,4
269,27,Alagoas,2010,Mulheres,Indígena,7305,697,6,75,40,23,10,11
270,27,Alagoas,2022,Homens,Branca,428954,41693,89,6810,4341,2034,838,240
271,27,Alagoas,2022,Mulheres,Branca,486446,40532,217,10210,7101,4014,1867,580
272,27,Alagoas,2022,Homens,Preta,156612,5585,24,2504,1467,630,229,83
273,27,Alagoas,2022,Mulheres,Preta,142097,5423,72,2718,1770,862,335,123
274,27,Alagoas,2022,Homens,Amarela,2209,198,-,23,17,10,4,1
275,27,Alagoas,2022,Mulheres,Amarela,3296,170,-,33,18,11,3,-
276,27,Alagoas,2022,Homens,Parda,899638,67951,145,11767,6710,2962,1123,340
277,27,Alagoas,2022,Mulheres,Parda,988227,65653,266,14594,8934,4560,1912,615
278,27,Alagoas,2022,Homens,Indígena,9950,853,2,130,63,31,15,3
279,27,Alagoas,2022,Mulheres,Indígena,10145,762,5,147,89,40,24,6
280,28,Sergipe,2010,Homens,Branca,276977,28525,43,2967,2018,1040,505,172
281,28,Sergipe,2010,Mulheres,Branca,306451,28247,106,4586,3467,1914,898,335
282,28,Sergipe,2010,Homens,Preta,96305,4766,12,946,585,325,156,66
283,28,Sergipe,2010,Mulheres,Preta,87749,4305,31,1251,761,425,171,84
284,28,Sergipe,2010,Homens,Amarela,11023,1107,2,92,47,21,10,6
285,28,Sergipe,2010,Mulheres,Amarela,14685,1035,3,109,80,28,14,5
286,28,Sergipe,2010,Homens,Parda,618216,51520,82,5168,3269,1675,770,277
287,28,Sergipe,2010,Mulheres,Parda,651349,49230,165,7039,4588,2379,1125,433
288,28,Sergipe,2010,Homens,Indígena,2496,128,1,11,17,7,7,4
289,28,Sergipe,2010,Mulheres,Indígena,2723,118,1,32,22,12,5,5
290,28,Sergipe,2022,Homens,Branca,262905,22930,52,4531,2832,1456,609,228
291,28,Sergipe,2022,Mulheres,Branca,294003,21684,130,6748,4821,2940,1502,512
292,28,Sergipe,2022,Homens,Preta,145237,5660,35,2125,1267,604,256,81
293,28,Sergipe,2022,Mulheres,Preta,138723,5340,52,2518,1707,871,385,128
294,28,Sergipe,2022,Homens,Amarela,1253,85,-,20,9,3,1,-
295,28,Sergipe,2022,Mulheres,Amarela,1725,74,-,23,8,4,3,3
296,28,Sergipe,2022,Homens,Parda,646163,46700,78,8609,4882,2352,961,320
297,28,Sergipe,2022,Mulheres,Parda,715341,45354,180,11040,7102,3819,1842,630
298,28,Sergipe,2022,Homens,Indígena,2217,80,1,46,23,11,7,-
299,28,Sergipe,2022,Mulheres,Indígena,2363,97,3,50,32,25,18,2
300,29,Bahia,2010,Homens,Branca,1496504,136626,289,22096,15419,8424,3624,1172
301,29,Bahia,2010,Mulheres,Branca,1614101,135394,615,30128,22641,12992,6282,2271
302,29,Bahia,2010,Homens,Preta,1212457,63779,276,12787,8138,4175,1929,739
303,29,Bahia,2010,Mulheres,Preta,1184792,59224,569,16776,10826,5881,3031,1429
304,29,Bahia,2010,Homens,Amarela,70787,6474,8,717,432,217,100,34
305,29,Bahia,2010,Mulheres,Amarela,88138,6085,24,980,666,299,152,52
306,29,Bahia,2010,Homens,Parda,4070340,329292,558,41433,26963,13746,6256,2182
307,29,Bahia,2010,Mulheres,Parda,4222717,318459,1213,53128,35466,18780,9674,3911
308,29,Bahia,2010,Homens,Indígena,27774,2254,4,343,184,92,41,19
309,29,Bahia,2010,Mulheres,Indígena,28607,2260,21,436,301,143,85,34
310,29,Bahia,2022,Homens,Branca,1318946,103305,387,30379,20529,10658,5078,1607
311,29,Bahia,2022,Mulheres,Branca,1453891,101569,975,40236,30380,18241,9922,3392
312,29,Bahia,2022,Homens,Preta,1557760,75171,364,23652,14718,7027,3315,1088
313,29,Bahia,2022,Mulheres,Preta,1606931,72028,964,29318,20202,11158,5341,1940
314,29,Bahia,2022,Homens,Amarela,6899,444,2,171,105,56,25,7
315,29,Bahia,2022,Mulheres,Amarela,9118,398,-,202,139,55,30,8
316,29,Bahia,2022,Homens,Parda,3911184,268348,773,64197,39958,19250,8566,2816
317,29,Bahia,2022,Mulheres,Parda,4192780,260336,1836,78679,53042,29044,14840,5167
318,29,Bahia,2022,Homens,Indígena,40671,3080,7,639,391,202,83,22
319,29,Bahia,2022,Mulheres,Indígena,42987,3102,27,816,612,327,153,66
320,31,Minas Gerais,2010,Homens,Branca,4291141,304357,313,69525,42783,19693,7018,1748
321,31,Minas Gerais,2010,Mulheres,Branca,4603406,298177,849,94270,65128,33596,14114,4139
322,31,Minas Gerais,2010,Homens,Preta,932153,39011,118,12160,7006,3198,1233,386
323,31,Minas Gerais,2010,Mulheres,Preta,874388,36126,329,15713,9949,5057,2255,866
324,31,Minas Gerais,2010,Homens,Amarela,83495,5997,9,964,522,235,72,19
325,31,Minas Gerais,2010,Mulheres,Amarela,103624,5723,12,1250,723,323,138,43
326,31,Minas Gerais,2010,Homens,Parda,4319766,299157,298,46436,25883,11688,4130,1170
327,31,Minas Gerais,2010,Mulheres,Parda,4357979,286073,712,57307,36048,17488,7723,2517
328,31,Minas Gerais,2010,Homens,Indígena,15150,1135,1,190,98,47,16,9
329,31,Minas Gerais,2010,Mulheres,Indígena,15962,1101,2,302,181,105,38,11
330,31,Minas Gerais,2022,Homens,Branca,4014433,267238,483,97735,61885,32590,13107,3122
331,31,Minas Gerais,2022,Mulheres,Branca,4423264,257634,1412,128932,90816,55452,26334,7809
332,31,Minas Gerais,2022,Homens,Preta,1237429,44387,191,21211,13017,6539,2654,721
333,31,Minas Gerais,2022,Mulheres,Preta,1195448,43026,495,25949,17355,10179,4622,1608
334,31,Minas Gerais,2022,Homens,Amarela,14866,629,-,486,280,151,52,11
335,31,Minas Gerais,2022,Mulheres,Amarela,16815,658,9,472,319,168,79,20
336,31,Minas Gerais,2022,Homens,Parda,4733060,289818,432,74751,45634,22564,8845,2234
337,31,Minas Gerais,2022,Mulheres,Parda,4872091,281272,1065,91221,60215,33952,15258,4488
338,31,Minas Gerais,2022,Homens,Indígena,15551,1195,3,250,156,84,33,12
339,31,Minas Gerais,2022,Mulheres,Indígena,16334,1138,14,345,246,138,60,21
340,32,Espírito Santo,2010,Homens,Branca,715604,52329,53,11263,7121,3242,1132,245
341,32,Espírito Santo,2010,Mulheres,Branca,766074,52041,127,15140,10425,5333,2096,640
342,32,Espírito Santo,2010,Homens,Preta,157289,6334,34,1788,1082,472,168,72
343,32,Espírito Santo,2010,Mulheres,Preta,136045,5682,71,2003,1234,585,249,112
344,32,Espírito Santo,2010,Homens,Amarela,9683,752,3,80,38,29,7,3
345,32,Espírito Santo,2010,Mulheres,Amarela,12273,683,1,102,71,31,12,3
346,32,Espírito Santo,2010,Homens,Parda,844091,64398,49,7413,4372,1802,657,203
347,32,Espírito Santo,2010,Mulheres,Parda,864705,61644,159,9379,5906,2699,1140,456
348,32,Espírito Santo,2010,Homens,Indígena,4537,319,3,60,16,17,7,2
349,32,Espírito Santo,2010,Mulheres,Indígena,4623,257,4,80,48,26,19,8
350,32,Espírito Santo,2022,Homens,Branca,705014,49901,84,15798,9970,5474,2176,539
351,32,Espírito Santo,2022,Mulheres,Branca,774261,47797,221,20639,14986,9309,4546,1347
352,32,Espírito Santo,2022,Homens,Preta,221867,8599,30,2952,1822,928,427,105
353,32,Espírito Santo,2022,Mulheres,Preta,207813,8166,68,3580,2363,1400,649,218
354,32,Espírito Santo,2022,Homens,Amarela,1991,117,-,41,32,18,8,2
355,32,Espírito Santo,2022,Mulheres,Amarela,2277,89,-,50,33,17,4,1
356,32,Espírito Santo,2022,Homens,Parda,935471,63525,85,11963,6859,3447,1442,361
357,32,Espírito Santo,2022,Mulheres,Parda,973332,61576,186,14852,9772,5515,2429,725
358,32,Espírito Santo,2022,Homens,Indígena,5691,412,1,74,52,24,11,3
359,32,Espírito Santo,2022,Mulheres,Indígena,5926,381,3,119,98,56,27,12
360,33,Rio de Janeiro,2010,Homens,Branca,3534468,239608,187,64244,40848,17990,5803,1334
361,33,Rio de Janeiro,2010,Mulheres,Branca,4048579,237902,745,101855,75522,39533,15605,4307
362,33,Rio de Janeiro,2010,Homens,Preta,969637,44363,70,10163,5695,2343,815,182
363,33,Rio de Janeiro,2010,Mulheres,Preta,1009044,41211,248,17727,11633,5329,2032,695
364,33,Rio de Janeiro,2010,Homens,Amarela,54076,3935,5,517,266,125,39,13
365,33,Rio de Janeiro,2010,Mulheres,Amarela,68762,3832,8,806,491,224,107,22
366,33,Rio de Janeiro,2010,Homens,Parda,3058992,212648,105,29177,15986,6390,2077,490
367,33,Rio de Janeiro,2010,Mulheres,Parda,3229103,203597,361,44548,27972,12626,4773,1398
368,33,Rio de Janeiro,2010,Homens,Indígena,7319,235,3,115,68,31,15,6
369,33,Rio de Janeiro,2010,Mulheres,Indígena,8575,260,15,242,165,95,33,11
370,33,Rio de Janeiro,2022,Homens,Branca,3084318,193912,291,76013,48741,25554,10194,2300
371,33,Rio de Janeiro,2022,Mulheres,Branca,3655583,190215,1374,118111,84335,53054,26962,8027
372,33,Rio de Janeiro,2022,Homens,Preta,1242620,54128,64,17171,9522,4286,1666,404
373,33,Rio de Janeiro,2022,Mulheres,Preta,1351633,52384,338,28682,18259,10309,4615,1380
374,33,Rio de Janeiro,2022,Homens,Amarela,9957,411,-,334,246,122,46,7
375,33,Rio de Janeiro,2022,Mulheres,Amarela,11880,429,1,367,279,161,66,12
376,33,Rio de Janeiro,2022,Homens,Parda,3233362,194360,131,46555,25977,11685,4265,941
377,33,Rio de Janeiro,2022,Mulheres,Parda,3449378,189407,507,65937,41703,22875,10079,2709
378,33,Rio de Janeiro,2022,Homens,Indígena,7172,274,1,149,103,43,25,5
379,33,Rio de Janeiro,2022,Mulheres,Indígena,8732,228,4,317,198,115,66,14
380,35,São Paulo,2010,Homens,Branca,12603415,904172,570,183718,115618,48884,15632,3315
381,35,São Paulo,2010,Mulheres,Branca,13768294,881192,1571,272817,195797,97835,36537,9490
382,35,São Paulo,2010,Homens,Preta,1176253,45752,89,11746,6631,2853,957,262
383,35,São Paulo,2010,Mulheres,Preta,1101511,42632,207,16780,10704,4927,1990,673
384,35,São Paulo,2010,Homens,Amarela,267403,10154,44,7771,4711,2381,888,196
385,35,São Paulo,2010,Mulheres,Amarela,290951,9817,75,9538,6644,3698,1514,438
386,35,São Paulo,2010,Homens,Parda,6008940,400477,210,43064,23361,9358,3258,754
387,35,São Paulo,2010,Mulheres,Parda,6001139,379115,457,55286,32770,14459,5697,1705
388,35,São Paulo,2010,Homens,Indígena,20113,1036,3,229,130,78,21,7
389,35,São Paulo,2010,Mulheres,Indígena,21681,964,6,368,193,111,67,17
390,35,São Paulo,2022,Homens,Branca,12069078,771711,689,256564,156809,79042,30466,6453
391,35,São Paulo,2022,Mulheres,Branca,13592817,743894,2699,371373,253825,152641,71904,19225
392,35,São Paulo,2022,Homens,Preta,1798403,61380,125,23189,13246,6166,2386,583
393,35,São Paulo,2022,Mulheres,Preta,1748159,60222,344,33163,20493,10983,4987,1500
394,35,São Paulo,2022,Homens,Amarela,244305,7026,63,12513,8508,4337,1644,440
395,35,São Paulo,2022,Mulheres,Amarela,268761,6896,179,15769,11361,6526,3169,1018
396,35,São Paulo,2022,Homens,Parda,7259344,414613,262,86718,47476,20507,7370,1752
397,35,São Paulo,2022,Mulheres,Parda,7377351,399266,727,112907,65517,33224,13728,3868
398,35,São Paulo,2022,Homens,Indígena,23947,1221,-,389,196,91,32,9
399,35,São Paulo,2022,Mulheres,Indígena,26581,1256,7,581,377,206,112,24
400,41,Paraná,2010,Homens,Branca,3553549,269763,181,46077,26850,11368,3488,860
401,41,Paraná,2010,Mulheres,Branca,3790573,262934,354,61227,39746,18975,6940,1827
402,41,Paraná,2010,Homens,Preta,177540,6005,40,2626,1416,640,225,70
403,41,Paraná,2010,Mulheres,Preta,153290,5391,48,2486,1395,673,307,112
404,41,Paraná,2010,Homens,Amarela,59619,2748,1,1497,964,462,156,50
405,41,Paraná,2010,Mulheres,Amarela,63586,2581,17,1836,1187,595,218,66
406,41,Paraná,2010,Homens,Parda,1327317,83406,86,13782,7576,3073,1055,285
407,41,Paraná,2010,Mulheres,Parda,1293061,78837,190,14507,8133,3562,1504,514
408,41,Paraná,2010,Homens,Indígena,12928,1190,5,139,81,44,21,8
409,41,Paraná,2010,Mulheres,Indígena,12987,1182,11,216,99,71,28,19
410,41,Paraná,2022,Homens,Branca,3533022,244144,216,69963,40847,19693,6902,1516
411,41,Paraná,2022,Mulheres,Branca,3856910,235691,583,93054,60050,33641,14430,3648
412,41,Paraná,2022,Homens,Preta,257895,7601,44,4431,2642,1192,486,123
413,41,Paraná,2022,Mulheres,Preta,227886,7308,58,5008,2994,1505,634,177
414,41,Paraná,2022,Homens,Amarela,48405,1528,6,2190,1486,768,290,77
415,41,Paraná,2022,Mulheres,Amarela,51839,1452,18,2637,1797,1114,542,165
416,41,Paraná,2022,Homens,Parda,1723917,101352,112,24041,13561,6272,2268,542
417,41,Paraná,2022,Mulheres,Parda,1716120,96647,247,27937,15963,8004,3190,877
418,41,Paraná,2022,Homens,Indígena,13910,1247,2,147,98,42,22,8
419,41,Paraná,2022,Mulheres,Indígena,14090,1140,13,211,139,77,43,19
420,42,Santa Catarina,2010,Homens,Branca,2578537,174053,83,29103,16594,7069,2207,435
421,42,Santa Catarina,2010,Mulheres,Branca,2668331,168170,193,41225,27155,13363,4595,1142
422,42,Santa Catarina,2010,Homens,Preta,96715,4767,10,752,405,185,68,29
423,42,Santa Catarina,2010,Mulheres,Preta,87142,4283,18,975,588,290,128,39
424,42,Santa Catarina,2010,Homens,Amarela,13013,763,1,145,73,32,7,3
425,42,Santa Catarina,2010,Mulheres,Amarela,13004,680,1,163,66,50,20,10
426,42,Santa Catarina,2010,Homens,Parda,403964,26634,29,2726,1452,650,222,89
427,42,Santa Catarina,2010,Mulheres,Parda,371594,25004,61,3158,1773,884,380,145
428,42,Santa Catarina,2010,Homens,Indígena,8086,716,3,63,28,24,13,7
429,42,Santa Catarina,2010,Mulheres,Indígena,7955,669,6,62,45,25,25,14
430,42,Santa Catarina,2022,Homens,Branca,2815898,182673,137,50635,28020,13001,4448,905
431,42,Santa Catarina,2022,Mulheres,Branca,2989654,174462,343,67038,42521,24027,10069,2509
432,42,Santa Catarina,2022,Homens,Preta,165211,7695,7,1381,738,346,126,30
433,42,Santa Catarina,2022,Mulheres,Preta,144697,7265,27,1796,1073,591,258,73
434,42,Santa Catarina,2022,Homens,Amarela,6365,259,4,131,96,46,10,6
435,42,Santa Catarina,2022,Mulheres,Amarela,6071,255,3,149,78,45,19,4
436,42,Santa Catarina,2022,Homens,Parda,753813,48039,40,6461,3355,1433,490,130
437,42,Santa Catarina,2022,Mulheres,Parda,709175,45978,73,7571,4263,2106,850,191
438,42,Santa Catarina,2022,Homens,Indígena,9717,895,13,81,48,29,17,6
439,42,Santa Catarina,2022,Mulheres,Indígena,9577,875,20,106,59,36,29,4
440,43,Rio Grande do Sul,2010,Homens,Branca,4302522,270463,161,65021,37903,15692,5079,1031
441,43,Rio Grande do Sul,2010,Mulheres,Branca,4597485,262682,564,100070,68494,34447,13173,3351
442,43,Rio Grande do Sul,2010,Homens,Preta,294267,15697,29,2795,1516,703,261,75
443,43,Rio Grande do Sul,2010,Mulheres,Preta,300856,14624,91,4672,2939,1413,621,205
444,43,Rio Grande do Sul,2010,Homens,Amarela,17317,969,-,340,186,64,27,6
445,43,Rio Grande do Sul,2010,Mulheres,Amarela,18365,838,4,438,269,144,33,9
446,43,Rio Grande do Sul,2010,Homens,Parda,574411,39003,51,5644,2912,1215,485,142
447,43,Rio Grande do Sul,2010,Mulheres,Parda,555632,36692,121,7794,4652,2169,855,325
448,43,Rio Grande do Sul,2010,Homens,Indígena,16503,1465,7,126,82,56,34,17
449,43,Rio Grande do Sul,2010,Mulheres,Indígena,16486,1520,11,186,120,79,49,27
450,43,Rio Grande do Sul,2022,Homens,Branca,4080461,243945,210,97319,56050,26768,9279,1869
451,43,Rio Grande do Sul,2022,Mulheres,Branca,4453768,234955,977,135808,89588,53374,23532,6051
452,43,Rio Grande do Sul,2022,Homens,Preta,346580,15791,32,4973,2592,1170,396,102
453,43,Rio Grande do Sul,2022,Mulheres,Preta,363257,15239,96,7187,4489,2493,1147,315
454,43,Rio Grande do Sul,2022,Homens,Amarela,3912,139,-,144,115,60,27,4
455,43,Rio Grande do Sul,2022,Mulheres,Amarela,4246,133,1,156,104,54,25,12
456,43,Rio Grande do Sul,2022,Homens,Parda,807698,49323,57,11490,6009,2671,900,185
457,43,Rio Grande do Sul,2022,Mulheres,Parda,788659,46801,132,14149,8647,4455,1817,483
458,43,Rio Grande do Sul,2022,Homens,Indígena,16999,1749,8,145,85,56,16,15
459,43,Rio Grande do Sul,2022,Mulheres,Indígena,17185,1708,23,200,158,103,38,24
460,50,Mato Grosso do Sul,2010,Homens,Branca,564945,49785,56,7120,4393,2012,834,202
461,50,Mato Grosso do Sul,2010,Mulheres,Branca,593158,49179,77,8576,5458,2778,1108,346
462,50,Mato Grosso do Sul,2010,Homens,Preta,66156,2238,17,866,491,237,78,34
463,50,Mato Grosso do Sul,2010,Mulheres,Preta,53940,2078,12,717,448,213,98,41
464,50,Mato Grosso do Sul,2010,Homens,Amarela,14246,822,2,310,162,81,28,6
465,50,Mato Grosso do Sul,2010,Mulheres,Amarela,15711,748,1,308,203,100,41,10
466,50,Mato Grosso do Sul,2010,Homens,Parda,537572,39251,38,5336,2931,1339,449,167
467,50,Mato Grosso do Sul,2010,Mulheres,Parda,529988,37014,73,5310,3105,1538,661,255
468,50,Mato Grosso do Sul,2010,Homens,Indígena,36999,5463,8,338,162,123,78,28
469,50,Mato Grosso do Sul,2010,Mulheres,Indígena,36296,5216,13,282,200,154,103,55
470,50,Mato Grosso do Sul,2022,Homens,Branca,561654,47044,47,10127,6212,3190,1317,254
471,50,Mato Grosso do Sul,2022,Mulheres,Branca,606753,45613,129,12702,8326,4757,2178,571
472,50,Mato Grosso do Sul,2022,Homens,Preta,95807,3250,10,1492,932,477,172,57
473,50,Mato Grosso do Sul,2022,Mulheres,Preta,83294,3049,41,1509,966,513,194,75
474,50,Mato Grosso do Sul,2022,Homens,Amarela,9564,340,2,391,260,163,52,9
475,50,Mato Grosso do Sul,2022,Mulheres,Amarela,10052,289,2,422,306,167,88,22
476,50,Mato Grosso do Sul,2022,Homens,Parda,641647,45262,45,8514,4910,2418,963,264
477,50,Mato Grosso do Sul,2022,Mulheres,Parda,652150,43974,110,9544,5692,3058,1215,369
478,50,Mato Grosso do Sul,2022,Homens,Indígena,47812,5264,21,351,282,182,70,36
479,50,Mato Grosso do Sul,2022,Mulheres,Indígena,48217,5114,61,460,356,204,86,63
480,51,Mato Grosso,2010,Homens,Branca,572405,48929,31,5830,3138,1276,444,112
481,51,Mato Grosso,2010,Mulheres,Branca,564745,48488,41,5903,3395,1578,570,175
482,51,Mato Grosso,2010,Homens,Preta,128060,5152,21,1295,738,338,145,47
483,51,Mato Grosso,2010,Mulheres,Preta,101830,4548,27,1119,595,306,146,67
484,51,Mato Grosso,2010,Homens,Amarela,16382,1123,2,191,107,36,13,3
485,51,Mato Grosso,2010,Mulheres,Amarela,18260,1106,1,155,87,48,19,6
486,51,Mato Grosso,2010,Homens,Parda,810995,65052,51,6331,3515,1458,647,161
487,51,Mato Grosso,2010,Mulheres,Parda,779712,61868,87,5654,3197,1460,680,270
488,51,Mato Grosso,2010,Homens,Indígena,21598,3822,9,210,149,102,70,34
489,51,Mato Grosso,2010,Mulheres,Indígena,20940,3810,8,161,131,104,57,21
490,51,Mato Grosso,2022,Homens,Branca,585118,50629,40,9131,5354,2532,921,202
491,51,Mato Grosso,2022,Mulheres,Branca,596472,49426,74,10333,6530,3420,1341,323
492,51,Mato Grosso,2022,Homens,Preta,196262,7571,30,2577,1539,733,333,99
493,51,Mato Grosso,2022,Mulheres,Preta,164436,7219,34,2440,1410,769,311,83
494,51,Mato Grosso,2022,Homens,Amarela,5190,241,-,134,95,46,15,3
495,51,Mato Grosso,2022,Mulheres,Amarela,5623,213,2,135,103,55,15,11
496,51,Mato Grosso,2022,Homens,Parda,1026122,80380,86,11011,6451,2870,1062,288
497,51,Mato Grosso,2022,Mulheres,Parda,1022660,77395,142,11186,6787,3356,1371,359
498,51,Mato Grosso,2022,Homens,Indígena,28505,4273,42,169,99,76,69,44
499,51,Mato Grosso,2022,Mulheres,Indígena,28182,4190,42,214,144,123,75,43
500,52,Goiás,2010,Homens,Branca,1215049,103354,100,15501,9034,4194,1551,416
501,52,Goiás,2010,Mulheres,Branca,1287070,102230,194,18887,11787,5876,2250,702
502,52,Goiás,2010,Homens,Preta,214561,8187,34,2470,1354,642,257,93
503,52,Goiás,2010,Mulheres,Preta,177357,7413,53,2293,1255,642,284,127
504,52,Goiás,2010,Homens,Amarela,43955,3280,3,370,201,76,28,13
505,52,Goiás,2010,Mulheres,Amarela,54523,2897,3,395,197,100,36,22
506,52,Goiás,2010,Homens,Parda,1503988,107790,124,12935,7277,3201,1192,354
507,52,Goiás,2010,Mulheres,Parda,1498685,102383,160,13615,7532,3457,1434,520
508,52,Goiás,2010,Homens,Indígena,4035,160,1,51,38,17,4,3
509,52,Goiás,2010,Mulheres,Indígena,4498,166,3,62,53,22,4,7
510,52,Goiás,2022,Homens,Branca,1221226,96710,120,23607,14807,7111,2621,687
511,52,Goiás,2022,Mulheres,Branca,1336228,93680,252,29678,20318,10896,4714,1191
512,52,Goiás,2022,Homens,Preta,348498,11666,54,4715,2963,1400,556,152
513,52,Goiás,2022,Mulheres,Preta,300062,11139,76,4795,3097,1499,614,206
514,52,Goiás,2022,Homens,Amarela,7713,385,-,183,113,52,17,5
515,52,Goiás,2022,Mulheres,Amarela,9272,362,1,212,109,61,36,13
516,52,Goiás,2022,Homens,Parda,1884468,125653,146,22686,13390,6157,2337,588
517,52,Goiás,2022,Mulheres,Parda,1938396,121528,250,25371,15349,7630,3148,863
518,52,Goiás,2022,Homens,Indígena,4923,239,2,83,34,24,10,2
519,52,Goiás,2022,Mulheres,Indígena,5509,211,2,132,72,32,12,6
520,53,Distrito Federal,2010,Homens,Branca,505415,44856,26,4783,2857,1248,424,84
521,53,Distrito Federal,2010,Mulheres,Branca,579003,44135,67,7040,4762,2499,989,292
522,53,Distrito Federal,2010,Homens,Preta,103009,4165,10,679,366,146,59,19
523,53,Distrito Federal,2010,Mulheres,Preta,95063,3911,10,793,507,233,103,40
524,53,Distrito Federal,2010,Homens,Amarela,17914,1357,-,129,74,34,22,1
525,53,Distrito Federal,2010,Mulheres,Amarela,23608,1219,3,181,115,74,24,11
526,53,Distrito Federal,2010,Homens,Parda,599730,45442,18,3263,1766,729,289,95
527,53,Distrito Federal,2010,Mulheres,Parda,640152,43759,50,4369,2650,1213,489,145
528,53,Distrito Federal,2010,Homens,Indígena,2739,108,1,31,11,6,2,2
529,53,Distrito Federal,2010,Mulheres,Indígena,3389,115,1,29,34,15,3,1
530,53,Distrito Federal,2022,Homens,Branca,517199,38723,38,8748,5749,2972,1121,266
531,53,Distrito Federal,2022,Mulheres,Branca,609135,37687,133,13532,9220,5321,2482,775
532,53,Distrito Federal,2022,Homens,Preta,155182,5253,8,1467,1011,493,207,49
533,53,Distrito Federal,2022,Mulheres,Preta,146583,4994,25,2151,1353,675,299,81
534,53,Distrito Federal,2022,Homens,Amarela,5949,274,1,185,113,60,17,4
535,53,Distrito Federal,2022,Mulheres,Amarela,6861,259,2,218,137,68,36,8
536,53,Distrito Federal,2022,Homens,Parda,661854,40251,29,6543,4192,1879,647,159
537,53,Distrito Federal,2022,Mulheres,Parda,708982,39191,62,9463,5672,2903,1288,373
538,53,Distrito Federal,2022,Homens,Indígena,2552,103,1,36,25,10,6,-
539,53,Distrito Federal,2022,Mulheres,Indígena,2984,108,-,51,29,19,17,5
